item,value
number_of_assets,30.0
mean_daily_return_average,0.0009602281473783833
mean_daily_volatility,0.017452396719182143
min_eigenvalue,2.365196173375909e-05
condition_number,191.10393586182124
