sigma_multiplier,sigma_max,cumulative_return,annual_return,annual_volatility,sharpe,max_drawdown,average_turnover
0.9,0.010418237526352056,-0.09169360466252352,-0.09204156596773938,0.21019075533542497,-0.43789540515641767,-0.166863939880444,
1.0,0.011575819473724507,-0.16968711112494894,-0.17030201839038017,0.24113120165823157,-0.7062628860107392,-0.19833139264410704,
1.1,0.012733401421096958,-0.2240081004191351,-0.22479177529975292,0.2694399951841614,-0.8342925301275649,-0.25721054656586995,
1.25,0.014469774342155633,-0.2856152099220688,-0.2865718260913279,0.30834815292053974,-0.9293774695163376,-0.3248892915347258,
1.5,0.01736372921058676,-0.3622153456299735,-0.36335713739408804,0.36921013009546705,-0.9841472586359816,-0.4102349751075316,
